LABEL,Heart Rate,calprevflg,SpO2,Respiratory Rate,Mortality,LengthofStay,Heart Rhythm,Ectopy Type,Code Status,Precautions,Service Type,Heart Rate,Respiratory Rate,O2 saturation pulseoxymetry,Ectopy Frequency,Risk for Falls,Arterial BP [Systolic],Arterial BP [Diastolic],Arterial BP Mean,Heart Rhythm,Safety Measures_U_1,Ectopy Type 1,HR Alarm [Low],HR Alarm [High],SpO2 Alarm [Low],SpO2 Alarm [High],Resp Alarm [Low],Resp Alarm [High],SaO2,HR Alarm [Low],HR Alarm [High],Resp Rate,Previous WeightF,SaO2 Alarm [Low],SaO2 Alarm [High],NBP [Systolic],NBP [Diastolic],NBP Mean,Activity,NBP Alarm [Low],NBP Alarm [High],Non Invasive Blood Pressure mean,Non Invasive Blood Pressure systolic,Non Invasive Blood Pressure diastolic,CVP,Health Care Proxy,Arterial Blood Pressure mean,O2 Delivery Device,Arterial Blood Pressure systolic,Arterial Blood Pressure diastolic,Bowel Sounds,Riker-SAS Scale
101061,60,1,93,18,0,13.66319444,NA,NA,NA,NA,NA,NA,NA,NA,NA,NA,NA,NA,NA,NA,NA,NA,50,120,89,100,8,30,NA,NA,NA,NA,85.59999847,NA,NA,103,49,59,NA,90,160,NA,NA,NA,NA,NA,NA,NA,NA,NA,NA,NA
102684,70,1,99,10,0,7.761805556,NA,NA,NA,NA,NA,NA,NA,NA,NA,NA,NA,NA,NA,NA,NA,NA,60,120,92,100,8,30,NA,NA,NA,NA,NA,NA,NA,137,73,94.33329773,NA,90,150,NA,NA,NA,NA,NA,NA,NA,NA,NA,NA,NA
103134,76,1,98,11,0,1.049305556,NA,NA,NA,NA,NA,NA,NA,NA,NA,NA,NA,NA,NA,NA,NA,NA,50,120,90,100,8,30,NA,NA,NA,NA,76.40000153,NA,NA,137,89,99,NA,90,160,NA,NA,NA,NA,NA,NA,NA,NA,NA,NA,NA
103388,0,1,27,22,1,44.81805556,NA,NA,NA,NA,NA,NA,NA,NA,NA,NA,0,0,30,NA,NA,NA,NA,NA,NA,NA,NA,NA,98,NA,NA,NA,58,NA,NA,104,71,82,NA,NA,NA,NA,NA,NA,NA,NA,NA,NA,NA,NA,NA,NA
104609,182,NA,NA,NA,0,29.05625,NA,NA,NA,NA,NA,NA,NA,NA,NA,NA,NA,NA,NA,NA,NA,NA,NA,NA,NA,NA,NA,NA,100,80,200,37,NA,90,100,NA,NA,NA,NA,NA,NA,NA,NA,NA,NA,NA,NA,NA,NA,NA,NA,NA
106557,85,1,97,21,0,5.309027778,NA,NA,NA,NA,NA,NA,NA,NA,NA,NA,154,68,95,NA,NA,NA,60,110,92,100,8,20,98,NA,NA,NA,126.1999969,NA,NA,142,80,94,NA,NA,NA,NA,NA,NA,NA,NA,NA,NA,NA,NA,NA,NA
106904,160,NA,NA,NA,0,26.63888889,NA,NA,NA,NA,NA,NA,NA,NA,NA,NA,NA,NA,NA,NA,NA,NA,NA,NA,NA,NA,NA,NA,NA,80,200,52,NA,90,100,NA,NA,NA,NA,NA,NA,NA,NA,NA,NA,NA,NA,NA,NA,NA,NA,NA
108159,96,1,92,17,0,8.116666667,NA,NA,NA,NA,NA,NA,NA,NA,NA,NA,NA,70,NA,NA,NA,NA,60,125,90,100,8,35,NA,NA,NA,NA,NA,NA,NA,126,50,77,NA,90,170,NA,NA,NA,NA,NA,NA,NA,NA,NA,NA,NA
108175,136,NA,NA,NA,0,13.60069444,NA,NA,NA,NA,NA,NA,NA,NA,NA,NA,NA,NA,NA,NA,NA,NA,NA,NA,NA,NA,NA,NA,NA,80,200,38,NA,NA,100,NA,NA,NA,NA,NA,NA,NA,NA,NA,NA,NA,NA,NA,NA,NA,NA,NA
108527,66,1,100,20,0,15.63472222,NA,NA,NA,NA,NA,NA,NA,NA,NA,NA,0,0,169,NA,NA,NA,60,115,91,100,8,35,94,NA,NA,NA,104,NA,NA,131,63,85.66670227,NA,90,160,NA,NA,NA,NA,NA,NA,NA,NA,NA,NA,NA
110083,79,1,98,28,0,35.13819444,NA,NA,NA,NA,NA,NA,NA,NA,NA,NA,157,53,91,NA,NA,NA,60,110,93,100,8,35,98,NA,NA,NA,80.5,NA,NA,140,71,94,NA,90,165,NA,NA,NA,NA,NA,NA,NA,NA,NA,NA,NA
111170,71,1,98,16,0,46.81944444,NA,NA,NA,NA,NA,NA,NA,NA,NA,NA,NA,NA,NA,NA,NA,NA,60,120,90,20,8,35,NA,NA,NA,NA,53.70000076,NA,NA,103,54,70.33329773,NA,60,110,NA,NA,NA,NA,NA,NA,NA,NA,NA,NA,NA
112875,137,NA,NA,NA,0,48.51666667,NA,NA,NA,NA,NA,NA,NA,NA,NA,NA,NA,NA,NA,NA,NA,NA,NA,NA,NA,NA,NA,NA,93,100,200,44,NA,87,100,NA,NA,NA,NA,NA,NA,NA,NA,NA,NA,NA,NA,NA,NA,NA,NA,NA
113903,77,1,93,25,0,35.59444444,NA,NA,NA,NA,NA,NA,NA,NA,NA,NA,NA,56,NA,NA,NA,NA,NA,NA,NA,NA,NA,NA,88,NA,NA,NA,80.40000153,NA,NA,116,55,75.33329773,NA,NA,NA,NA,NA,NA,NA,NA,NA,NA,NA,NA,NA,NA
115692,86,1,99,16,0,16.48958333,NA,NA,NA,NA,NA,NA,NA,NA,NA,NA,NA,44,NA,NA,NA,NA,50,120,90,100,6,30,98,NA,NA,NA,51.29999924,NA,NA,138,52,80.66670227,NA,NA,150,NA,NA,NA,NA,NA,NA,NA,NA,NA,NA,NA
115893,99,1,97,19,0,15.85416667,NA,NA,NA,NA,NA,NA,NA,NA,NA,NA,139,67,88,NA,NA,NA,60,125,92,100,12,30,NA,NA,NA,NA,NA,NA,NA,151,78,102.3330002,NA,100,175,NA,NA,NA,NA,NA,NA,NA,NA,NA,NA,NA
116956,159,NA,NA,NA,0,29.97708333,NA,NA,NA,NA,NA,NA,NA,NA,NA,NA,NA,NA,NA,NA,NA,NA,NA,NA,NA,NA,NA,NA,NA,80,200,48,NA,NA,100,NA,NA,NA,NA,NA,NA,NA,NA,NA,NA,NA,NA,NA,NA,NA,NA,NA
117655,87,1,98,22,1,7.919444444,NA,NA,NA,NA,NA,NA,NA,NA,NA,NA,NA,92,NA,NA,NA,NA,60,120,92,100,8,40,80,NA,NA,NA,75,NA,NA,80,65,69,NA,80,140,NA,NA,NA,NA,NA,NA,NA,NA,NA,NA,NA
118406,66,1,98,16,0,4.329861111,NA,NA,NA,NA,NA,NA,NA,NA,NA,NA,143,77,100,NA,NA,NA,55,120,92,100,8,35,98,NA,NA,NA,85.40000153,NA,NA,98,42,63,NA,90,150,NA,NA,NA,NA,NA,NA,NA,NA,NA,NA,NA
118422,147,NA,NA,NA,0,69.99166667,NA,NA,NA,NA,NA,NA,NA,NA,NA,NA,NA,NA,NA,NA,NA,NA,NA,NA,NA,NA,NA,NA,97,80,200,37,NA,90,100,NA,NA,NA,NA,NA,NA,NA,NA,NA,NA,NA,NA,NA,NA,NA,NA,NA
118556,168,NA,NA,NA,0,15.32916667,NA,NA,NA,NA,NA,NA,NA,NA,NA,NA,NA,NA,NA,NA,NA,NA,NA,NA,NA,NA,NA,NA,NA,80,200,37,NA,NA,100,NA,NA,NA,NA,NA,NA,NA,NA,NA,NA,NA,NA,NA,NA,NA,NA,NA
118990,0,1,97,0,1,3.402777778,NA,NA,NA,NA,NA,NA,NA,NA,NA,NA,0,0,10,NA,NA,NA,60,120,91,100,8,35,NA,NA,NA,NA,NA,NA,NA,144,60,79,NA,90,180,NA,NA,NA,NA,NA,NA,NA,NA,NA,NA,NA
119394,164,NA,NA,NA,0,38.60277778,NA,NA,NA,NA,NA,NA,NA,NA,NA,NA,NA,NA,NA,NA,NA,NA,NA,NA,NA,NA,NA,NA,NA,80,210,58,NA,NA,100,NA,NA,NA,NA,NA,NA,NA,NA,NA,NA,NA,NA,NA,NA,NA,NA,NA
119463,70,1,99,21,0,25.52986111,NA,NA,NA,NA,NA,NA,NA,NA,NA,NA,NA,NA,NA,NA,NA,NA,60,120,93,100,8,35,NA,NA,NA,NA,62.59999847,NA,NA,131,92,106,NA,90,160,NA,NA,NA,NA,NA,NA,NA,NA,NA,NA,NA
121205,0,1,0,0,1,17.63055556,NA,NA,NA,NA,NA,NA,NA,NA,NA,NA,0,0,0,NA,NA,NA,NA,NA,NA,NA,NA,NA,98,NA,NA,NA,NA,NA,NA,NA,44,NA,NA,NA,NA,NA,NA,NA,NA,NA,NA,NA,NA,NA,NA,NA
122425,82,1,99,17,0,4.200694444,NA,NA,NA,NA,NA,NA,NA,NA,NA,NA,NA,NA,NA,NA,NA,NA,120,50,90,100,8,40,NA,NA,NA,NA,NA,NA,NA,121,89,98,NA,90,160,NA,NA,NA,NA,NA,NA,NA,NA,NA,NA,NA
123291,80,1,98,24,0,107,NA,NA,NA,NA,NA,NA,NA,NA,NA,NA,44,41,43,NA,NA,NA,60,120,93,100,8,45,97,NA,NA,NA,NA,NA,NA,121,69,86.33329773,NA,90,160,NA,NA,NA,NA,NA,NA,NA,NA,NA,NA,NA
123365,106,1,99,24,0,30.06041667,NA,NA,NA,NA,NA,NA,NA,NA,NA,NA,NA,70,NA,NA,NA,NA,55,155,92,100,8,65,96,NA,NA,NA,97.40000153,NA,NA,124,52,76,NA,90,160,NA,NA,NA,NA,NA,NA,NA,NA,NA,NA,NA
125723,82,1,99,25,0,10.85972222,NA,NA,NA,NA,NA,NA,NA,NA,NA,NA,NA,50,NA,NA,NA,NA,50,115,92,100,8,30,99,NA,NA,NA,67.09999847,NA,NA,104,55,71.33329773,NA,55,90,NA,NA,NA,NA,NA,NA,NA,NA,NA,NA,NA
125879,84,1,94,15,0,14.31388889,NA,NA,NA,NA,NA,NA,NA,NA,NA,NA,147,68,98,NA,NA,NA,NA,NA,NA,NA,NA,NA,NA,NA,NA,NA,67,NA,NA,166,96,119.3330002,NA,NA,NA,NA,NA,NA,NA,NA,NA,NA,NA,NA,NA,NA
130425,165,NA,NA,NA,0,10.96875,NA,NA,NA,NA,NA,NA,NA,NA,NA,NA,NA,NA,NA,NA,NA,NA,NA,NA,NA,NA,NA,NA,94,80,200,19,NA,90,100,NA,NA,NA,NA,NA,NA,NA,NA,NA,NA,NA,NA,NA,NA,NA,NA,NA
130600,87,1,96,17,0,5.125694444,NA,NA,NA,NA,NA,NA,NA,NA,NA,NA,NA,NA,NA,NA,NA,NA,60,120,90,100,8,30,NA,NA,NA,NA,71.59999847,NA,NA,168,111,124,NA,90,180,NA,NA,NA,NA,NA,NA,NA,NA,NA,NA,NA
130699,170,NA,NA,NA,0,10.84305556,NA,NA,NA,NA,NA,NA,NA,NA,NA,NA,NA,NA,NA,NA,NA,NA,NA,NA,NA,NA,NA,NA,NA,80,200,46,NA,NA,100,NA,NA,NA,NA,NA,NA,NA,NA,NA,NA,NA,NA,NA,NA,NA,NA,NA
131053,164,NA,NA,NA,0,123.8618056,NA,NA,NA,NA,NA,NA,NA,NA,NA,NA,NA,NA,NA,NA,NA,NA,NA,NA,NA,NA,NA,NA,99,80,200,37,NA,90,100,NA,NA,NA,NA,NA,NA,NA,NA,NA,NA,NA,NA,NA,NA,NA,NA,NA
132113,95,1,95,18,0,12.19027778,NA,NA,NA,NA,NA,NA,NA,NA,NA,NA,NA,69,NA,NA,NA,NA,NA,NA,NA,NA,NA,NA,98,NA,NA,NA,58.20000076,NA,NA,156,65,95.33329773,NA,NA,NA,NA,NA,NA,NA,NA,NA,NA,NA,NA,NA,NA
132516,0,1,97,27,1,15.07777778,NA,NA,NA,NA,NA,NA,NA,NA,NA,NA,0,0,18,NA,NA,NA,60,130,92,100,8,35,97,NA,NA,NA,NA,NA,NA,NA,NA,NA,NA,90,140,NA,NA,NA,NA,NA,NA,NA,NA,NA,NA,NA
132665,107,1,97,23,0,13.49930556,NA,NA,NA,NA,NA,NA,NA,NA,NA,NA,103,47,65,NA,NA,NA,60,120,92,100,8,35,98,NA,NA,NA,113.5999985,NA,NA,114,50,71.33329773,NA,NA,NA,NA,NA,NA,NA,NA,NA,NA,NA,NA,NA,NA
132667,81,1,88,15,0,22.50347222,NA,NA,NA,NA,NA,NA,NA,NA,NA,NA,165,70,104,NA,NA,NA,45,120,90,100,8,30,NA,NA,NA,NA,NA,NA,NA,155,59,91,NA,NA,NA,NA,NA,NA,NA,NA,NA,NA,NA,NA,NA,NA
134624,144,NA,NA,NA,0,45.80763889,NA,NA,NA,NA,NA,NA,NA,NA,NA,NA,NA,NA,NA,NA,NA,NA,NA,NA,NA,NA,NA,NA,100,80,200,50,NA,90,100,NA,NA,NA,NA,NA,NA,NA,NA,NA,NA,NA,NA,NA,NA,NA,NA,NA
135572,165,NA,NA,NA,0,32.42569444,NA,NA,NA,NA,NA,NA,NA,NA,NA,NA,NA,NA,NA,NA,NA,NA,NA,NA,NA,NA,NA,NA,100,80,200,48,NA,NA,100,NA,NA,NA,NA,NA,NA,NA,NA,NA,NA,NA,NA,NA,NA,NA,NA,NA
136102,57,1,100,10,0,19.06458333,NA,NA,NA,NA,NA,NA,NA,NA,NA,NA,175,108,229,NA,NA,NA,NA,NA,NA,NA,NA,NA,NA,NA,NA,NA,91.30000305,NA,NA,146,76,99.33329773,NA,NA,NA,NA,NA,NA,NA,NA,NA,NA,NA,NA,NA,NA
136737,93,1,100,26,0,22.18541667,NA,NA,NA,NA,NA,NA,NA,NA,NA,NA,0,0,286,NA,NA,NA,60,120,93,100,8,40,99,NA,NA,NA,79.30000305,NA,NA,125,56,71,NA,90,150,NA,NA,NA,NA,NA,NA,NA,NA,NA,NA,NA
137219,91,1,100,24,0,28.02777778,NA,NA,NA,NA,NA,NA,NA,NA,NA,NA,133,68,95,NA,NA,NA,NA,NA,NA,NA,NA,NA,98,NA,NA,NA,96.19999695,NA,NA,146,80,102,NA,NA,NA,NA,NA,NA,NA,NA,NA,NA,NA,NA,NA,NA
137241,NA,1,95,0,1,9.45625,NA,NA,NA,NA,NA,NA,NA,NA,NA,NA,NA,48,NA,NA,NA,NA,50,120,90,100,8,30,90,NA,NA,NA,84.19999695,NA,NA,0,0,29,NA,90,160,NA,NA,NA,NA,NA,NA,NA,NA,NA,NA,NA
137607,0,1,100,0,1,2.008333333,NA,NA,NA,NA,NA,NA,NA,NA,NA,NA,0,0,35,NA,NA,NA,60,120,90,100,8,35,NA,NA,NA,NA,101.0999985,NA,NA,85,36,52.33330154,NA,90,170,NA,NA,NA,NA,NA,NA,NA,NA,NA,NA,NA
137685,89,1,99,16,0,9.215972222,NA,NA,NA,NA,NA,NA,NA,NA,NA,NA,NA,75,NA,NA,NA,NA,60,120,92,100,8,35,98,NA,NA,NA,81.30000305,NA,NA,156,56,104,NA,NA,160,NA,NA,NA,NA,NA,NA,NA,NA,NA,NA,NA
138091,119,1,98,19,0,3.459722222,NA,NA,NA,NA,NA,NA,NA,NA,NA,NA,NA,NA,NA,NA,NA,NA,NA,NA,NA,NA,NA,NA,NA,NA,NA,NA,58.20000076,NA,NA,150,92,111.3330002,NA,NA,NA,NA,NA,NA,NA,NA,NA,NA,NA,NA,NA,NA
138215,81,1,99,16,0,9.290277778,NA,NA,NA,NA,NA,NA,NA,NA,NA,NA,NA,NA,NA,NA,NA,NA,60,120,93,100,8,35,NA,NA,NA,NA,NA,NA,NA,115,73,87,NA,90,160,NA,NA,NA,NA,NA,NA,NA,NA,NA,NA,NA
138353,150,NA,NA,NA,0,10.75972222,NA,NA,NA,NA,NA,NA,NA,NA,NA,NA,NA,NA,NA,NA,NA,NA,NA,NA,NA,NA,NA,NA,NA,80,200,32,NA,NA,100,NA,NA,NA,NA,NA,NA,NA,NA,NA,NA,NA,NA,NA,NA,NA,NA,NA
138435,74,1,98,17,0,2.592361111,NA,NA,NA,NA,NA,NA,NA,NA,NA,NA,NA,86,NA,NA,NA,NA,50,120,90,100,8,35,NA,NA,NA,NA,NA,NA,NA,125,76,92.33329773,NA,90,160,NA,NA,NA,NA,NA,NA,NA,NA,NA,NA,NA
138665,178,NA,NA,NA,0,71.11736111,NA,NA,NA,NA,NA,NA,NA,NA,NA,NA,NA,NA,NA,NA,NA,NA,NA,NA,NA,NA,NA,NA,97,80,200,37,NA,90,100,NA,NA,NA,NA,NA,NA,NA,NA,NA,NA,NA,NA,NA,NA,NA,NA,NA
138970,0,1,64,0,1,2.742361111,NA,NA,NA,NA,NA,NA,NA,NA,NA,NA,0,0,30,NA,NA,NA,55,110,NA,100,10,30,98,NA,NA,NA,NA,NA,NA,NA,NA,NA,NA,90,160,NA,NA,NA,NA,NA,NA,NA,NA,NA,NA,NA
139535,130,NA,NA,NA,0,6.068055556,NA,NA,NA,NA,NA,NA,NA,NA,NA,NA,NA,NA,NA,NA,NA,NA,NA,NA,NA,NA,NA,NA,100,80,200,52,NA,90,100,NA,NA,NA,NA,NA,NA,NA,NA,NA,NA,NA,NA,NA,NA,NA,NA,NA
141831,52,1,95,20,1,17.29305556,NA,NA,NA,NA,NA,NA,NA,NA,NA,NA,39,23,27,NA,NA,NA,NA,NA,NA,NA,NA,NA,98,NA,NA,NA,55.5,NA,NA,75,39,51,NA,NA,NA,NA,NA,NA,NA,NA,NA,NA,NA,NA,NA,NA
142591,87,1,100,10,0,21.5125,NA,NA,NA,NA,NA,NA,NA,NA,NA,NA,NA,28,NA,NA,NA,NA,45,135,90,100,8,30,NA,NA,NA,NA,60.90000153,NA,NA,101,36,5.300000191,NA,90,160,NA,NA,NA,NA,NA,NA,NA,NA,NA,NA,NA
142655,136,NA,NA,NA,0,64.51944444,NA,NA,NA,NA,NA,NA,NA,NA,NA,NA,NA,NA,NA,NA,NA,NA,NA,NA,NA,NA,NA,NA,100,80,200,34,NA,94,100,NA,NA,NA,NA,NA,NA,NA,NA,NA,NA,NA,NA,NA,NA,NA,NA,NA
143179,120,1,99,37,1,0.604166667,NA,NA,NA,NA,NA,NA,NA,NA,NA,NA,NA,NA,NA,NA,NA,NA,70,165,88,100,8,40,NA,NA,NA,NA,68.19999695,NA,NA,56,31,36,NA,70,160,NA,NA,NA,NA,NA,NA,NA,NA,NA,NA,NA
146480,0,1,93,0,1,129.0354167,NA,NA,NA,NA,NA,NA,NA,NA,NA,NA,0,0,28,NA,NA,NA,50,120,90,100,8,50,NA,NA,NA,NA,86.19999695,NA,NA,NA,38,NA,NA,80,160,NA,NA,NA,NA,NA,NA,NA,NA,NA,NA,NA
146504,76,1,98,11,0,29.00416667,NA,NA,NA,NA,NA,NA,NA,NA,NA,NA,129,66,2,NA,NA,NA,60,120,93,100,8,35,NA,NA,NA,NA,NA,NA,NA,NA,NA,NA,NA,90,160,NA,NA,NA,NA,NA,NA,NA,NA,NA,NA,NA
147119,0,1,71,0,1,7.461111111,NA,NA,NA,NA,NA,NA,NA,NA,NA,NA,67,52,61,NA,NA,NA,55,120,90,100,8,30,NA,NA,NA,NA,65.80000305,NA,NA,43,17,25.66670036,NA,50,110,NA,NA,NA,NA,NA,NA,NA,NA,NA,NA,NA
148445,81,1,100,18,0,45.0125,NA,NA,NA,NA,NA,NA,NA,NA,NA,NA,NA,41,NA,NA,NA,NA,60,110,92,100,8,40,97,NA,NA,NA,54.79999924,NA,NA,120,68,86,NA,90,140,NA,NA,NA,NA,NA,NA,NA,NA,NA,NA,NA
148636,161,NA,NA,NA,0,77.04722222,NA,NA,NA,NA,NA,NA,NA,NA,NA,NA,NA,NA,NA,NA,NA,NA,NA,NA,NA,NA,NA,NA,100,100,200,59,NA,87,100,NA,NA,NA,NA,NA,NA,NA,NA,NA,NA,NA,NA,NA,NA,NA,NA,NA
150420,98,1,98,24,0,22.93402778,NA,NA,NA,NA,NA,NA,NA,NA,NA,NA,NA,73,NA,NA,NA,NA,NA,NA,NA,NA,NA,NA,NA,NA,NA,NA,65.30000305,NA,NA,139,79,99,NA,NA,NA,NA,NA,NA,NA,NA,NA,NA,NA,NA,NA,NA
152125,71,1,99,27,0,23.49583333,NA,NA,NA,NA,NA,NA,NA,NA,NA,NA,NA,156,161,NA,NA,NA,50,120,90,100,8,40,99,NA,NA,NA,84.40000153,NA,NA,110,70,83.33329773,NA,NA,NA,NA,NA,NA,NA,NA,NA,NA,NA,NA,NA,NA
152333,148,NA,NA,NA,0,25.62291667,NA,NA,NA,NA,NA,NA,NA,NA,NA,NA,NA,NA,NA,NA,NA,NA,NA,NA,NA,NA,NA,NA,NA,80,200,32,NA,NA,100,NA,NA,NA,NA,NA,NA,NA,NA,NA,NA,NA,NA,NA,NA,NA,NA,NA
152457,88,1,100,19,0,13.21319444,NA,NA,NA,NA,NA,NA,NA,NA,NA,NA,NA,NA,NA,NA,NA,NA,50,120,90,100,7,30,NA,NA,NA,NA,92.19999695,NA,NA,102,55,70.66670227,NA,85,160,NA,NA,NA,NA,NA,NA,NA,NA,NA,NA,NA
152504,65,1,98,15,0,5.997916667,NA,NA,NA,NA,NA,NA,NA,NA,NA,NA,NA,NA,NA,NA,NA,NA,NA,NA,NA,NA,NA,NA,NA,NA,NA,NA,NA,NA,NA,98,35,56,NA,NA,NA,NA,NA,NA,NA,NA,NA,NA,NA,NA,NA,NA
155957,78,1,100,21,0,23.58680556,NA,NA,NA,NA,NA,NA,NA,NA,NA,NA,NA,45,NA,NA,NA,NA,55,110,92,100,8,40,99,NA,NA,NA,82,NA,NA,122,39,58,NA,90,150,NA,NA,NA,NA,NA,NA,NA,NA,NA,NA,NA
157397,124,NA,NA,NA,0,3.975,NA,NA,NA,NA,NA,NA,NA,NA,NA,NA,NA,NA,NA,NA,NA,NA,NA,NA,NA,NA,NA,NA,100,80,200,40,NA,90,100,NA,NA,NA,NA,NA,NA,NA,NA,NA,NA,NA,NA,NA,NA,NA,NA,NA
160478,162,NA,NA,NA,0,21.96458333,NA,NA,NA,NA,NA,NA,NA,NA,NA,NA,NA,NA,NA,NA,NA,NA,NA,NA,NA,NA,NA,NA,99,80,200,52,NA,87,100,NA,NA,NA,NA,NA,NA,NA,NA,NA,NA,NA,NA,NA,NA,NA,NA,NA
161176,81,1,95,17,0,4.550694444,NA,NA,NA,NA,NA,NA,NA,NA,NA,NA,NA,NA,NA,NA,NA,NA,50,120,93,100,8,30,NA,NA,NA,NA,NA,NA,NA,96,49,64.66670227,NA,95,160,NA,NA,NA,NA,NA,NA,NA,NA,NA,NA,NA
162613,75,1,97,24,0,7.728472222,NA,NA,NA,NA,NA,NA,NA,NA,NA,NA,NA,NA,NA,NA,NA,NA,NA,NA,NA,NA,NA,NA,NA,NA,NA,NA,NA,NA,NA,100,50,66.66670227,NA,NA,NA,NA,NA,NA,NA,NA,NA,NA,NA,NA,NA,NA
163375,106,1,100,29,0,14.70972222,NA,NA,NA,NA,NA,NA,NA,NA,NA,NA,76,48,59,NA,NA,NA,50,130,90,100,8,30,98,NA,NA,NA,75,NA,NA,102,50,63,NA,90,160,NA,NA,NA,NA,NA,NA,NA,NA,NA,NA,NA
163398,170,NA,NA,NA,0,9.463194444,NA,NA,NA,NA,NA,NA,NA,NA,NA,NA,NA,NA,NA,NA,NA,NA,NA,NA,NA,NA,NA,NA,99,100,200,56,NA,87,100,NA,NA,NA,NA,NA,NA,NA,NA,NA,NA,NA,NA,NA,NA,NA,NA,NA
163468,87,1,96,28,0,4.98125,NA,NA,NA,NA,NA,NA,NA,NA,NA,NA,NA,NA,NA,NA,NA,NA,50,120,90,100,8,30,NA,NA,NA,NA,NA,NA,NA,132,71,91.33329773,NA,90,165,NA,NA,NA,NA,NA,NA,NA,NA,NA,NA,NA
167466,71,1,94,17,0,1.09375,NA,NA,NA,NA,NA,NA,NA,NA,NA,NA,NA,48,NA,NA,NA,NA,60,100,92,100,8,32,NA,NA,NA,NA,NA,NA,NA,89,45,56,NA,85,120,NA,NA,NA,NA,NA,NA,NA,NA,NA,NA,NA
169862,102,1,95,21,0,23.85347222,NA,NA,NA,NA,NA,NA,NA,NA,NA,NA,108,55,73,NA,NA,NA,60,120,92,100,8,30,NA,NA,NA,NA,NA,NA,NA,100,52,68,NA,90,160,NA,NA,NA,NA,NA,NA,NA,NA,NA,NA,NA
177864,87,1,95,20,0,13.92638889,NA,NA,NA,NA,NA,NA,NA,NA,NA,NA,NA,68,NA,NA,NA,NA,60,110,92,100,8,35,99,NA,NA,NA,69.69999695,NA,NA,120,58,78.66670227,NA,110,160,NA,NA,NA,NA,NA,NA,NA,NA,NA,NA,NA
178562,134,NA,NA,NA,0,35.04513889,NA,NA,NA,NA,NA,NA,NA,NA,NA,NA,NA,NA,NA,NA,NA,NA,NA,NA,NA,NA,NA,NA,100,80,200,41,NA,NA,100,NA,NA,NA,NA,NA,NA,NA,NA,NA,NA,NA,NA,NA,NA,NA,NA,NA
178615,66,1,97,23,0,8.092361111,NA,NA,NA,NA,NA,NA,NA,NA,NA,NA,NA,60,NA,NA,NA,NA,NA,NA,NA,NA,NA,NA,97,NA,NA,NA,102.8000031,NA,NA,93,45,61,NA,NA,NA,NA,NA,NA,NA,NA,NA,NA,NA,NA,NA,NA
179456,83,1,95,12,0,7.571527778,NA,NA,NA,NA,NA,NA,NA,NA,NA,NA,126,38,66,NA,NA,NA,NA,NA,NA,NA,NA,NA,96,NA,NA,NA,99.90000153,NA,NA,131,56,81,NA,NA,NA,NA,NA,NA,NA,NA,NA,NA,NA,NA,NA,NA
181589,132,NA,NA,NA,0,6.544444444,NA,NA,NA,NA,NA,NA,NA,NA,NA,NA,NA,NA,NA,NA,NA,NA,NA,NA,NA,NA,NA,NA,100,100,200,34,NA,87,100,NA,NA,NA,NA,NA,NA,NA,NA,NA,NA,NA,NA,NA,NA,NA,NA,NA
184692,88,1,95,23,1,11.01666667,NA,NA,NA,NA,NA,NA,NA,NA,NA,NA,NA,118,NA,NA,NA,NA,60,130,90,100,8,30,100,NA,NA,NA,82,NA,NA,127,76,82,NA,90,160,NA,NA,NA,NA,NA,NA,NA,NA,NA,NA,NA
185085,146,NA,NA,NA,0,90.03055556,NA,NA,NA,NA,NA,NA,NA,NA,NA,NA,NA,NA,NA,NA,NA,NA,NA,NA,NA,NA,NA,NA,100,80,200,36,NA,NA,100,NA,NA,NA,NA,NA,NA,NA,NA,NA,NA,NA,NA,NA,NA,NA,NA,NA
185534,148,NA,NA,NA,0,15.03402778,NA,NA,NA,NA,NA,NA,NA,NA,NA,NA,NA,NA,NA,NA,NA,NA,NA,NA,NA,NA,NA,NA,99,80,200,46,NA,NA,100,NA,NA,NA,NA,NA,NA,NA,NA,NA,NA,NA,NA,NA,NA,NA,NA,NA
185596,132,NA,NA,NA,0,13.96597222,NA,NA,NA,NA,NA,NA,NA,NA,NA,NA,NA,NA,NA,NA,NA,NA,NA,NA,NA,NA,NA,NA,99,80,200,36,NA,90,100,NA,NA,NA,NA,NA,NA,NA,NA,NA,NA,NA,NA,NA,NA,NA,NA,NA
186210,166,NA,NA,NA,0,71.44722222,NA,NA,NA,NA,NA,NA,NA,NA,NA,NA,NA,NA,NA,NA,NA,NA,NA,NA,NA,NA,NA,NA,97,80,200,63,NA,90,100,NA,NA,NA,NA,NA,NA,NA,NA,NA,NA,NA,NA,NA,NA,NA,NA,NA
188586,75,1,96,0,0,2.029861111,NA,NA,NA,NA,NA,NA,NA,NA,NA,NA,NA,NA,NA,NA,NA,NA,50,150,90,100,NA,NA,NA,NA,NA,NA,NA,NA,NA,125,81,95.66670227,NA,90,160,NA,NA,NA,NA,NA,NA,NA,NA,NA,NA,NA
189895,84,1,97,20,0,2.732638889,NA,NA,NA,NA,NA,NA,NA,NA,NA,NA,NA,NA,NA,NA,NA,NA,50,120,90,100,8,30,NA,NA,NA,NA,74.40000153,NA,NA,148,84,85,NA,90,160,NA,NA,NA,NA,NA,NA,NA,NA,NA,NA,NA
191167,87,1,94,21,0,20.70972222,NA,NA,NA,NA,NA,NA,NA,NA,NA,NA,NA,96,NA,NA,NA,NA,55,120,90,100,8,40,98,NA,NA,NA,126.1999969,NA,NA,148,49,82,NA,90,170,NA,NA,NA,NA,NA,NA,NA,NA,NA,NA,NA
191715,79,1,98,20,0,8.010416667,NA,NA,NA,NA,NA,NA,NA,NA,NA,NA,NA,51,NA,NA,NA,NA,60,120,92,100,8,30,98,NA,NA,NA,78,NA,NA,119,50,65,NA,60,110,NA,NA,NA,NA,NA,NA,NA,NA,NA,NA,NA
192848,180,NA,NA,NA,0,57.54513889,NA,NA,NA,NA,NA,NA,NA,NA,NA,NA,NA,NA,NA,NA,NA,NA,NA,NA,NA,NA,NA,NA,95,100,200,66,NA,89,99,NA,NA,NA,NA,NA,NA,NA,NA,NA,NA,NA,NA,NA,NA,NA,NA,NA
193397,58,1,100,18,0,6.695833333,NA,NA,NA,NA,NA,NA,NA,NA,NA,NA,115,60,81,NA,NA,NA,50,120,92,100,8,30,97,NA,NA,NA,63.5,NA,NA,110,56,74,NA,70,160,NA,NA,NA,NA,NA,NA,NA,NA,NA,NA,NA
195622,68,1,99,17,0,5.925694444,NA,NA,NA,NA,NA,NA,NA,NA,NA,NA,NA,NA,NA,NA,NA,NA,50,120,90,100,8,35,NA,NA,NA,NA,92,NA,NA,111,60,72,NA,80,160,NA,NA,NA,NA,NA,NA,NA,NA,NA,NA,NA
197861,22,1,92,37,1,8.936805556,NA,NA,NA,NA,NA,NA,NA,NA,NA,NA,0,0,17,NA,NA,NA,50,120,90,100,8,40,96,NA,NA,NA,NA,NA,NA,85,59,67.66670227,NA,90,160,NA,NA,NA,NA,NA,NA,NA,NA,NA,NA,NA
198752,99,1,97,26,0,10.84791667,NA,NA,NA,NA,NA,NA,NA,NA,NA,NA,NA,85,NA,NA,NA,NA,60,120,93,100,8,40,98,NA,NA,NA,107.1999969,NA,NA,127,18,55,NA,100,130,NA,NA,NA,NA,NA,NA,NA,NA,NA,NA,NA
199385,104,1,96,22,0,20.01041667,NA,NA,NA,NA,NA,NA,NA,NA,NA,NA,NA,49,NA,NA,NA,NA,60,120,93,100,8,35,NA,NA,NA,NA,NA,NA,NA,131,61,83,NA,90,160,NA,NA,NA,NA,NA,NA,NA,NA,NA,NA,NA
199482,81,1,100,18,0,34.37152778,NA,NA,NA,NA,NA,NA,NA,NA,NA,NA,91,54,67,NA,NA,NA,55,125,90,100,8,35,NA,NA,NA,NA,NA,NA,NA,93,54,67,NA,75,140,NA,NA,NA,NA,NA,NA,NA,NA,NA,NA,NA
199656,96,1,100,38,0,31.05,NA,NA,NA,NA,NA,NA,NA,NA,NA,NA,NA,103,NA,NA,NA,NA,50,130,90,100,8,35,96,NA,NA,NA,71,NA,NA,97,45,57,NA,80,185,NA,NA,NA,NA,NA,NA,NA,NA,NA,NA,NA
199896,75,1,99,21,0,4.454861111,NA,NA,NA,NA,NA,NA,NA,NA,NA,NA,121,54,75,NA,NA,NA,50,120,93,100,8,30,NA,NA,NA,NA,NA,NA,NA,121,52,67,NA,NA,160,NA,NA,NA,NA,NA,NA,NA,NA,NA,NA,NA
